{"cameraMode":{"drawMode":0,"name":"Shaded","section":"Shading Mode"},"sceneLighting":true,"audioPlay":false,"sceneViewState":{"m_AlwaysRefresh":false,"showFog":true,"showSkybox":true,"showFlares":true,"showImageEffects":true,"showParticleSystems":true,"showVisualEffectGraphs":true,"m_FxEnabled":true},"in2DMode":false,"pivot":{"x":-16.184837341308595,"y":0.04083240032196045,"z":-173.519775390625},"rotation":{"x":0.09245224297046662,"y":-0.4229721128940582,"z":0.04339555278420448,"w":0.9003317356109619},"size":3.5877716541290285,"orthographic":false}