{"cameraMode":{"drawMode":0,"name":"Shaded","section":"Shading Mode"},"sceneLighting":true,"audioPlay":false,"sceneViewState":{"m_AlwaysRefresh":false,"showFog":true,"showSkybox":true,"showFlares":true,"showImageEffects":true,"showParticleSystems":true,"showVisualEffectGraphs":true,"m_FxEnabled":true},"in2DMode":false,"pivot":{"x":-28.5154972076416,"y":48.62179946899414,"z":84.74372863769531},"rotation":{"x":0.023110006004571916,"y":0.21807949244976045,"z":0.005187786649912596,"w":-0.9756289720535278},"size":3.6665101051330568,"orthographic":false}