{"cameraMode":{"drawMode":0,"name":"Shaded","section":"Shading Mode"},"sceneLighting":true,"audioPlay":false,"sceneViewState":{"m_AlwaysRefresh":false,"showFog":true,"showSkybox":true,"showFlares":true,"showImageEffects":true,"showParticleSystems":true,"showVisualEffectGraphs":true,"m_FxEnabled":true},"in2DMode":false,"pivot":{"x":-0.7793889045715332,"y":2.1499924659729006,"z":82.44695281982422},"rotation":{"x":-0.08110035210847855,"y":0.05470546334981918,"z":-0.004431586246937513,"w":-0.9951834082603455},"size":31.29058074951172,"orthographic":false}